2,GoClient,This is a Go Protobuf client!!,2710,熊大＆兔兔（心動約會篇♪）,https://sdl-stickershop.line.naver.jp/products/0/0/1//2710/LINEStorePC/main.png
2,GoClient,This is a Go Protobuf client!!,2351,LINE卡通明星（動來動去篇）,https://sdl-stickershop.line.naver.jp/products/0/0/2//2351/LINEStorePC/main.png
2,GoClient,This is a Go Protobuf client!!,2937,蛋黃哥,https://sdl-stickershop.line.naver.jp/products/0/0/1//2937/LINEStorePC/main.png
2,GoClient,This is a Go Protobuf client!!,2786,LINE卡通明星（快樂假期篇）,https://sdl-stickershop.line.naver.jp/products/0/0/1//2786/LINEStorePC/main.png
2,GoClient,This is a Go Protobuf client!!,3055,STAND BY ME 哆啦A夢,https://sdl-stickershop.line.naver.jp/products/0/0/1//3055/LINEStorePC/main.png
2,GoClient,This is a Go Protobuf client!!,3257,gudetama 動態貼圖,https://sdl-stickershop.line.naver.jp/products/0/0/1//3257/LINEStorePC/main.png
2,GoClient,This is a Go Protobuf client!!,3570,蛋黃哥 動態貼圖,https://sdl-stickershop.line.naver.jp/products/0/0/1//3570/LINEStorePC/main.png
2,GoClient,This is a Go Protobuf client!!,3312,會動喔！蠟筆小新動態貼圖,https://sdl-stickershop.line.naver.jp/products/0/0/1//3312/LINEStorePC/main.png
2,GoClient,This is a Go Protobuf client!!,3111,凱蒂貓動態貼圖,https://sdl-stickershop.line.naver.jp/products/0/0/1//3111/LINEStorePC/main.png
2,GoClient,This is a Go Protobuf client!!,3296,Chip 'n' Dale　動態貼圖,https://sdl-stickershop.line.naver.jp/products/0/0/1//3296/LINEStorePC/main.png
2,GoClient,This is a Go Protobuf client!!,3524,史迪奇（動態貼圖）,https://sdl-stickershop.line.naver.jp/products/0/0/1//3524/LINEStorePC/main.png
2,GoClient,This is a Go Protobuf client!!,2531,大陰盜百貨,https://sdl-stickershop.line.naver.jp/products/0/0/1//2531/LINEStorePC/main.png
2,GoClient,This is a Go Protobuf client!!,2673,米妮（可愛的每一天）,https://sdl-stickershop.line.naver.jp/products/0/0/1//2673/LINEStorePC/main.png
2,GoClient,This is a Go Protobuf client!!,3350,會動的！櫻桃小丸子,https://sdl-stickershop.line.naver.jp/products/0/0/1//3350/LINEStorePC/main.png
2,GoClient,This is a Go Protobuf client!!,2803,蠟筆小新（呼風喚雨篇2）,https://sdl-stickershop.line.naver.jp/products/0/0/1//2803/LINEStorePC/main.png
2,GoClient,This is a Go Protobuf client!!,2801,掰掰啾啾,https://sdl-stickershop.line.naver.jp/products/0/0/1//2801/LINEStorePC/main.png
2,GoClient,This is a Go Protobuf client!!,3665,彎彎 (動次動次小劇場),https://sdl-stickershop.line.naver.jp/products/0/0/1//3665/LINEStorePC/main.png
2,GoClient,This is a Go Protobuf client!!,3487,米奇（電視卡通版）,https://sdl-stickershop.line.naver.jp/products/0/0/1//3487/LINEStorePC/main.png
2,GoClient,This is a Go Protobuf client!!,3175,少女漫畫☆LINE卡通明星,https://sdl-stickershop.line.naver.jp/products/0/0/1//3175/LINEStorePC/main.png
2,GoClient,This is a Go Protobuf client!!,3431,Cherng的二代貼圖-動的來貘,https://sdl-stickershop.line.naver.jp/products/0/0/1//3431/LINEStorePC/main.png
2,GoClient,This is a Go Protobuf client!!,2711,OJIPAN 2,https://sdl-stickershop.line.naver.jp/products/0/0/1//2711/LINEStorePC/main.png
2,GoClient,This is a Go Protobuf client!!,2780,KUMATAN 3,https://sdl-stickershop.line.naver.jp/products/0/0/1//2780/LINEStorePC/main.png
2,GoClient,This is a Go Protobuf client!!,2713,抓狂一族《怪表情篇》,https://sdl-stickershop.line.naver.jp/products/0/0/1//2713/LINEStorePC/main.png
2,GoClient,This is a Go Protobuf client!!,3693,凱蒂貓（日本各地名產篇）,https://sdl-stickershop.line.naver.jp/products/0/0/1//3693/LINEStorePC/main.png
2,GoClient,This is a Go Protobuf client!!,2628,三麗鷗 可愛明星大集合2,https://sdl-stickershop.line.naver.jp/products/0/0/1//2628/LINEStorePC/main.png
2,GoClient,This is a Go Protobuf client!!,3465,賴賴 & 織織 動！起！來！,https://sdl-stickershop.line.naver.jp/products/0/0/1//3465/LINEStorePC/main.png
2,GoClient,This is a Go Protobuf client!!,3174,Happy☆小浣熊 動態貼圖,https://sdl-stickershop.line.naver.jp/products/0/0/1//3174/LINEStorePC/main.png
2,GoClient,This is a Go Protobuf client!!,3206,胖胖褲豬　動態貼圖,https://sdl-stickershop.line.naver.jp/products/0/0/1//3206/LINEStorePC/main.png
2,GoClient,This is a Go Protobuf client!!,3619,貓爪抓 -動起來抓-,https://sdl-stickershop.line.naver.jp/products/0/0/1//3619/LINEStorePC/main.png
2,GoClient,This is a Go Protobuf client!!,3227,香蕉人 (打屁情侶專用),https://sdl-stickershop.line.naver.jp/products/0/0/1//3227/LINEStorePC/main.png
2,GoClient,This is a Go Protobuf client!!,2712,酷洛米戀愛了,https://sdl-stickershop.line.naver.jp/products/0/0/1//2712/LINEStorePC/main.png
2,GoClient,This is a Go Protobuf client!!,2939,醜比頭圖鑑（還算好用篇）,https://sdl-stickershop.line.naver.jp/products/0/0/1//2939/LINEStorePC/main.png
2,GoClient,This is a Go Protobuf client!!,3772,香菇妹＆拉比豆的動動party,https://sdl-stickershop.line.naver.jp/products/0/0/1//3772/LINEStorePC/main.png
2,GoClient,This is a Go Protobuf client!!,2783,水豚君3,https://sdl-stickershop.line.naver.jp/products/0/0/1//2783/LINEStorePC/main.png
2,GoClient,This is a Go Protobuf client!!,2744,名偵探柯南vol.2,https://sdl-stickershop.line.naver.jp/products/0/0/1//2744/LINEStorePC/main.png
2,GoClient,This is a Go Protobuf client!!,3391,Pooh & Friends（溫馨的每一天）,https://sdl-stickershop.line.naver.jp/products/0/0/1//3391/LINEStorePC/main.png
2,GoClient,This is a Go Protobuf client!!,3721,香蕉人(打屁好友專用),https://sdl-stickershop.line.naver.jp/products/0/0/1//3721/LINEStorePC/main.png
2,GoClient,This is a Go Protobuf client!!,3575,蝦米 動不停!,https://sdl-stickershop.line.naver.jp/products/0/0/1//3575/LINEStorePC/main.png
2,GoClient,This is a Go Protobuf client!!,3816,台客阿公,https://sdl-stickershop.line.naver.jp/products/0/0/3//3816/LINEStorePC/main.png
2,GoClient,This is a Go Protobuf client!!,3349,Rilakkuma 動態貼圖,https://sdl-stickershop.line.naver.jp/products/0/0/1//3349/LINEStorePC/main.png
2,GoClient,This is a Go Protobuf client!!,3720,我們這一家,https://sdl-stickershop.line.naver.jp/products/0/0/1//3720/LINEStorePC/main.png
2,GoClient,This is a Go Protobuf client!!,2804,大耳狗（舒適生活篇）,https://sdl-stickershop.line.naver.jp/products/0/0/1//2804/LINEStorePC/main.png
2,GoClient,This is a Go Protobuf client!!,3223,會動的♪靴下貓,https://sdl-stickershop.line.naver.jp/products/0/0/1//3223/LINEStorePC/main.png
2,GoClient,This is a Go Protobuf client!!,3072,航海王 第2彈,https://sdl-stickershop.line.naver.jp/products/0/0/1//3072/LINEStorePC/main.png
2,GoClient,This is a Go Protobuf client!!,3292,賤女奈奈- 馬 上來耍賤,https://sdl-stickershop.line.naver.jp/products/0/0/1//3292/LINEStorePC/main.png
2,GoClient,This is a Go Protobuf client!!,3748,雙星仙子 動態貼圖,https://sdl-stickershop.line.naver.jp/products/0/0/1//3748/LINEStorePC/main.png
2,GoClient,This is a Go Protobuf client!!,3669,冰雪奇緣（動態貼圖）,https://sdl-stickershop.line.naver.jp/products/0/0/2//3669/LINEStorePC/main.png
2,GoClient,This is a Go Protobuf client!!,3392,翻白眼吧！溫蒂妮小姐。,https://sdl-stickershop.line.naver.jp/products/0/0/1//3392/LINEStorePC/main.png
2,GoClient,This is a Go Protobuf client!!,3210,就是要超感動,https://sdl-stickershop.line.naver.jp/products/0/0/1//3210/LINEStorePC/main.png
2,GoClient,This is a Go Protobuf client!!,3957,Rilakkuma & Kiiroitori,https://sdl-stickershop.line.naver.jp/products/0/0/1//3957/LINEStorePC/main.png
2,GoClient,This is a Go Protobuf client!!,3770,Aida&綺綺,https://sdl-stickershop.line.naver.jp/products/0/0/1//3770/LINEStorePC/main.png
2,GoClient,This is a Go Protobuf client!!,3228,世間情,https://sdl-stickershop.line.naver.jp/products/0/0/1//3228/LINEStorePC/main.png
2,GoClient,This is a Go Protobuf client!!,3313,My Melody 動態貼圖,https://sdl-stickershop.line.naver.jp/products/0/0/1//3313/LINEStorePC/main.png
2,GoClient,This is a Go Protobuf client!!,3393,鬼門圖文(阿嬤篇),https://sdl-stickershop.line.naver.jp/products/0/0/1//3393/LINEStorePC/main.png
2,GoClient,This is a Go Protobuf client!!,3823,GOGO!活潑的莎莉,https://sdl-stickershop.line.naver.jp/products/0/0/1//3823/LINEStorePC/main.png
2,GoClient,This is a Go Protobuf client!!,3386,史努比★動態貼圖,https://sdl-stickershop.line.naver.jp/products/0/0/1//3386/LINEStorePC/main.png
2,GoClient,This is a Go Protobuf client!!,3712,掰啾的二代貼圖-動的掰啾,https://sdl-stickershop.line.naver.jp/products/0/0/1//3712/LINEStorePC/main.png
2,GoClient,This is a Go Protobuf client!!,3818,魔王包降臨,https://sdl-stickershop.line.naver.jp/products/0/0/1//3818/LINEStorePC/main.png
2,GoClient,This is a Go Protobuf client!!,3224,LINE歡樂萬聖節★,https://sdl-stickershop.line.naver.jp/products/0/0/1//3224/LINEStorePC/main.png
2,GoClient,This is a Go Protobuf client!!,4541,胖胖褲豬3（有聲動態版）,https://sdl-stickershop.line.naver.jp/products/0/0/1//4541/LINEStorePC/main.png
2,GoClient,This is a Go Protobuf client!!,3495,三麗鷗快樂冬季,https://sdl-stickershop.line.naver.jp/products/0/0/1//3495/LINEStorePC/main.png
2,GoClient,This is a Go Protobuf client!!,3617,航海王 第3彈,https://sdl-stickershop.line.naver.jp/products/0/0/1//3617/LINEStorePC/main.png
2,GoClient,This is a Go Protobuf client!!,2242,史迪奇（Happy&Lovely）,https://sdl-stickershop.line.naver.jp/products/0/0/1//2242/LINEStorePC/main.png
2,GoClient,This is a Go Protobuf client!!,3714,大英雄天團（動態貼圖）,https://sdl-stickershop.line.naver.jp/products/0/0/1//3714/LINEStorePC/main.png
2,GoClient,This is a Go Protobuf client!!,4408,史努比＆糊塗塌客,https://sdl-stickershop.line.naver.jp/products/0/0/1//4408/LINEStorePC/main.png
2,GoClient,This is a Go Protobuf client!!,3567,當肯喇迪賽,https://sdl-stickershop.line.naver.jp/products/0/0/1//3567/LINEStorePC/main.png
2,GoClient,This is a Go Protobuf client!!,3955,KUMATAN動態貼圖,https://sdl-stickershop.line.naver.jp/products/0/0/2//3955/LINEStorePC/main.png
2,GoClient,This is a Go Protobuf client!!,3347,大陰盜百貨~百貨日常篇,https://sdl-stickershop.line.naver.jp/products/0/0/1//3347/LINEStorePC/main.png
2,GoClient,This is a Go Protobuf client!!,3726,Miffy 動態貼圖,https://sdl-stickershop.line.naver.jp/products/0/0/1//3726/LINEStorePC/main.png
2,GoClient,This is a Go Protobuf client!!,3310,幾米 （小完美篇）,https://sdl-stickershop.line.naver.jp/products/0/0/1//3310/LINEStorePC/main.png
2,GoClient,This is a Go Protobuf client!!,3432,米滷蛋 滷鍋生活篇,https://sdl-stickershop.line.naver.jp/products/0/0/1//3432/LINEStorePC/main.png
2,GoClient,This is a Go Protobuf client!!,3384,會動的♪Sumikko Gurashi,https://sdl-stickershop.line.naver.jp/products/0/0/1//3384/LINEStorePC/main.png
2,GoClient,This is a Go Protobuf client!!,3330,人2,https://sdl-stickershop.line.naver.jp/products/0/0/1//3330/LINEStorePC/main.png
2,GoClient,This is a Go Protobuf client!!,2749,gudetama,https://sdl-stickershop.line.naver.jp/products/0/0/1//2749/LINEStorePC/main.png
2,GoClient,This is a Go Protobuf client!!,3583,加菲貓 動態貼圖,https://sdl-stickershop.line.naver.jp/products/0/0/1//3583/LINEStorePC/main.png
2,GoClient,This is a Go Protobuf client!!,3293,霹靂英雄,https://sdl-stickershop.line.naver.jp/products/0/0/1//3293/LINEStorePC/main.png
2,GoClient,This is a Go Protobuf client!!,3498,Rilakkuma（冬季篇）,https://sdl-stickershop.line.naver.jp/products/0/0/1//3498/LINEStorePC/main.png
2,GoClient,This is a Go Protobuf client!!,3208,麵包超人（好友動起來篇）,https://sdl-stickershop.line.naver.jp/products/0/0/1//3208/LINEStorePC/main.png
2,GoClient,This is a Go Protobuf client!!,3434,饅頭人（上班族加油吧篇）,https://sdl-stickershop.line.naver.jp/products/0/0/1//3434/LINEStorePC/main.png
2,GoClient,This is a Go Protobuf client!!,1466,cherng's 對話插畫集,https://sdl-stickershop.line.naver.jp/products/0/0/1//1466/LINEStorePC/main.png
2,GoClient,This is a Go Protobuf client!!,2710,熊大＆兔兔（心動約會篇♪）,https://sdl-stickershop.line.naver.jp/products/0/0/1//2710/LINEStorePC/main.png
2,GoClient,This is a Go Protobuf client!!,2351,LINE卡通明星（動來動去篇）,https://sdl-stickershop.line.naver.jp/products/0/0/2//2351/LINEStorePC/main.png
2,GoClient,This is a Go Protobuf client!!,2937,蛋黃哥,https://sdl-stickershop.line.naver.jp/products/0/0/1//2937/LINEStorePC/main.png
2,GoClient,This is a Go Protobuf client!!,2786,LINE卡通明星（快樂假期篇）,https://sdl-stickershop.line.naver.jp/products/0/0/1//2786/LINEStorePC/main.png
2,GoClient,This is a Go Protobuf client!!,3055,STAND BY ME 哆啦A夢,https://sdl-stickershop.line.naver.jp/products/0/0/1//3055/LINEStorePC/main.png
2,GoClient,This is a Go Protobuf client!!,3257,gudetama 動態貼圖,https://sdl-stickershop.line.naver.jp/products/0/0/1//3257/LINEStorePC/main.png
2,GoClient,This is a Go Protobuf client!!,3570,蛋黃哥 動態貼圖,https://sdl-stickershop.line.naver.jp/products/0/0/1//3570/LINEStorePC/main.png
2,GoClient,This is a Go Protobuf client!!,3312,會動喔！蠟筆小新動態貼圖,https://sdl-stickershop.line.naver.jp/products/0/0/1//3312/LINEStorePC/main.png
2,GoClient,This is a Go Protobuf client!!,3111,凱蒂貓動態貼圖,https://sdl-stickershop.line.naver.jp/products/0/0/1//3111/LINEStorePC/main.png
2,GoClient,This is a Go Protobuf client!!,3296,Chip 'n' Dale　動態貼圖,https://sdl-stickershop.line.naver.jp/products/0/0/1//3296/LINEStorePC/main.png
2,GoClient,This is a Go Protobuf client!!,3524,史迪奇（動態貼圖）,https://sdl-stickershop.line.naver.jp/products/0/0/1//3524/LINEStorePC/main.png
2,GoClient,This is a Go Protobuf client!!,2531,大陰盜百貨,https://sdl-stickershop.line.naver.jp/products/0/0/1//2531/LINEStorePC/main.png
2,GoClient,This is a Go Protobuf client!!,2673,米妮（可愛的每一天）,https://sdl-stickershop.line.naver.jp/products/0/0/1//2673/LINEStorePC/main.png
2,GoClient,This is a Go Protobuf client!!,3350,會動的！櫻桃小丸子,https://sdl-stickershop.line.naver.jp/products/0/0/1//3350/LINEStorePC/main.png
2,GoClient,This is a Go Protobuf client!!,2803,蠟筆小新（呼風喚雨篇2）,https://sdl-stickershop.line.naver.jp/products/0/0/1//2803/LINEStorePC/main.png
2,GoClient,This is a Go Protobuf client!!,2801,掰掰啾啾,https://sdl-stickershop.line.naver.jp/products/0/0/1//2801/LINEStorePC/main.png
2,GoClient,This is a Go Protobuf client!!,3665,彎彎 (動次動次小劇場),https://sdl-stickershop.line.naver.jp/products/0/0/1//3665/LINEStorePC/main.png
2,GoClient,This is a Go Protobuf client!!,3487,米奇（電視卡通版）,https://sdl-stickershop.line.naver.jp/products/0/0/1//3487/LINEStorePC/main.png
2,GoClient,This is a Go Protobuf client!!,3175,少女漫畫☆LINE卡通明星,https://sdl-stickershop.line.naver.jp/products/0/0/1//3175/LINEStorePC/main.png
2,GoClient,This is a Go Protobuf client!!,3431,Cherng的二代貼圖-動的來貘,https://sdl-stickershop.line.naver.jp/products/0/0/1//3431/LINEStorePC/main.png
2,GoClient,This is a Go Protobuf client!!,2711,OJIPAN 2,https://sdl-stickershop.line.naver.jp/products/0/0/1//2711/LINEStorePC/main.png
2,GoClient,This is a Go Protobuf client!!,2780,KUMATAN 3,https://sdl-stickershop.line.naver.jp/products/0/0/1//2780/LINEStorePC/main.png
2,GoClient,This is a Go Protobuf client!!,2713,抓狂一族《怪表情篇》,https://sdl-stickershop.line.naver.jp/products/0/0/1//2713/LINEStorePC/main.png
2,GoClient,This is a Go Protobuf client!!,3693,凱蒂貓（日本各地名產篇）,https://sdl-stickershop.line.naver.jp/products/0/0/1//3693/LINEStorePC/main.png
2,GoClient,This is a Go Protobuf client!!,2628,三麗鷗 可愛明星大集合2,https://sdl-stickershop.line.naver.jp/products/0/0/1//2628/LINEStorePC/main.png
2,GoClient,This is a Go Protobuf client!!,3465,賴賴 & 織織 動！起！來！,https://sdl-stickershop.line.naver.jp/products/0/0/1//3465/LINEStorePC/main.png
2,GoClient,This is a Go Protobuf client!!,3174,Happy☆小浣熊 動態貼圖,https://sdl-stickershop.line.naver.jp/products/0/0/1//3174/LINEStorePC/main.png
2,GoClient,This is a Go Protobuf client!!,3206,胖胖褲豬　動態貼圖,https://sdl-stickershop.line.naver.jp/products/0/0/1//3206/LINEStorePC/main.png
2,GoClient,This is a Go Protobuf client!!,3619,貓爪抓 -動起來抓-,https://sdl-stickershop.line.naver.jp/products/0/0/1//3619/LINEStorePC/main.png
2,GoClient,This is a Go Protobuf client!!,3227,香蕉人 (打屁情侶專用),https://sdl-stickershop.line.naver.jp/products/0/0/1//3227/LINEStorePC/main.png
2,GoClient,This is a Go Protobuf client!!,2712,酷洛米戀愛了,https://sdl-stickershop.line.naver.jp/products/0/0/1//2712/LINEStorePC/main.png
2,GoClient,This is a Go Protobuf client!!,2939,醜比頭圖鑑（還算好用篇）,https://sdl-stickershop.line.naver.jp/products/0/0/1//2939/LINEStorePC/main.png
2,GoClient,This is a Go Protobuf client!!,3772,香菇妹＆拉比豆的動動party,https://sdl-stickershop.line.naver.jp/products/0/0/1//3772/LINEStorePC/main.png
2,GoClient,This is a Go Protobuf client!!,2783,水豚君3,https://sdl-stickershop.line.naver.jp/products/0/0/1//2783/LINEStorePC/main.png
2,GoClient,This is a Go Protobuf client!!,2744,名偵探柯南vol.2,https://sdl-stickershop.line.naver.jp/products/0/0/1//2744/LINEStorePC/main.png
2,GoClient,This is a Go Protobuf client!!,3391,Pooh & Friends（溫馨的每一天）,https://sdl-stickershop.line.naver.jp/products/0/0/1//3391/LINEStorePC/main.png
2,GoClient,This is a Go Protobuf client!!,3721,香蕉人(打屁好友專用),https://sdl-stickershop.line.naver.jp/products/0/0/1//3721/LINEStorePC/main.png
2,GoClient,This is a Go Protobuf client!!,3575,蝦米 動不停!,https://sdl-stickershop.line.naver.jp/products/0/0/1//3575/LINEStorePC/main.png
2,GoClient,This is a Go Protobuf client!!,3816,台客阿公,https://sdl-stickershop.line.naver.jp/products/0/0/3//3816/LINEStorePC/main.png
2,GoClient,This is a Go Protobuf client!!,3349,Rilakkuma 動態貼圖,https://sdl-stickershop.line.naver.jp/products/0/0/1//3349/LINEStorePC/main.png
2,GoClient,This is a Go Protobuf client!!,3720,我們這一家,https://sdl-stickershop.line.naver.jp/products/0/0/1//3720/LINEStorePC/main.png
2,GoClient,This is a Go Protobuf client!!,2804,大耳狗（舒適生活篇）,https://sdl-stickershop.line.naver.jp/products/0/0/1//2804/LINEStorePC/main.png
2,GoClient,This is a Go Protobuf client!!,3223,會動的♪靴下貓,https://sdl-stickershop.line.naver.jp/products/0/0/1//3223/LINEStorePC/main.png
2,GoClient,This is a Go Protobuf client!!,3072,航海王 第2彈,https://sdl-stickershop.line.naver.jp/products/0/0/1//3072/LINEStorePC/main.png
2,GoClient,This is a Go Protobuf client!!,3292,賤女奈奈- 馬 上來耍賤,https://sdl-stickershop.line.naver.jp/products/0/0/1//3292/LINEStorePC/main.png
2,GoClient,This is a Go Protobuf client!!,3748,雙星仙子 動態貼圖,https://sdl-stickershop.line.naver.jp/products/0/0/1//3748/LINEStorePC/main.png
2,GoClient,This is a Go Protobuf client!!,3669,冰雪奇緣（動態貼圖）,https://sdl-stickershop.line.naver.jp/products/0/0/2//3669/LINEStorePC/main.png
2,GoClient,This is a Go Protobuf client!!,3392,翻白眼吧！溫蒂妮小姐。,https://sdl-stickershop.line.naver.jp/products/0/0/1//3392/LINEStorePC/main.png
2,GoClient,This is a Go Protobuf client!!,3210,就是要超感動,https://sdl-stickershop.line.naver.jp/products/0/0/1//3210/LINEStorePC/main.png
2,GoClient,This is a Go Protobuf client!!,3957,Rilakkuma & Kiiroitori,https://sdl-stickershop.line.naver.jp/products/0/0/1//3957/LINEStorePC/main.png
2,GoClient,This is a Go Protobuf client!!,3770,Aida&綺綺,https://sdl-stickershop.line.naver.jp/products/0/0/1//3770/LINEStorePC/main.png
2,GoClient,This is a Go Protobuf client!!,3228,世間情,https://sdl-stickershop.line.naver.jp/products/0/0/1//3228/LINEStorePC/main.png
2,GoClient,This is a Go Protobuf client!!,3313,My Melody 動態貼圖,https://sdl-stickershop.line.naver.jp/products/0/0/1//3313/LINEStorePC/main.png
2,GoClient,This is a Go Protobuf client!!,3393,鬼門圖文(阿嬤篇),https://sdl-stickershop.line.naver.jp/products/0/0/1//3393/LINEStorePC/main.png
2,GoClient,This is a Go Protobuf client!!,3823,GOGO!活潑的莎莉,https://sdl-stickershop.line.naver.jp/products/0/0/1//3823/LINEStorePC/main.png
2,GoClient,This is a Go Protobuf client!!,3386,史努比★動態貼圖,https://sdl-stickershop.line.naver.jp/products/0/0/1//3386/LINEStorePC/main.png
2,GoClient,This is a Go Protobuf client!!,3712,掰啾的二代貼圖-動的掰啾,https://sdl-stickershop.line.naver.jp/products/0/0/1//3712/LINEStorePC/main.png
2,GoClient,This is a Go Protobuf client!!,3818,魔王包降臨,https://sdl-stickershop.line.naver.jp/products/0/0/1//3818/LINEStorePC/main.png
2,GoClient,This is a Go Protobuf client!!,3224,LINE歡樂萬聖節★,https://sdl-stickershop.line.naver.jp/products/0/0/1//3224/LINEStorePC/main.png
2,GoClient,This is a Go Protobuf client!!,4541,胖胖褲豬3（有聲動態版）,https://sdl-stickershop.line.naver.jp/products/0/0/1//4541/LINEStorePC/main.png
2,GoClient,This is a Go Protobuf client!!,3495,三麗鷗快樂冬季,https://sdl-stickershop.line.naver.jp/products/0/0/1//3495/LINEStorePC/main.png
2,GoClient,This is a Go Protobuf client!!,3617,航海王 第3彈,https://sdl-stickershop.line.naver.jp/products/0/0/1//3617/LINEStorePC/main.png
2,GoClient,This is a Go Protobuf client!!,2242,史迪奇（Happy&Lovely）,https://sdl-stickershop.line.naver.jp/products/0/0/1//2242/LINEStorePC/main.png
2,GoClient,This is a Go Protobuf client!!,3714,大英雄天團（動態貼圖）,https://sdl-stickershop.line.naver.jp/products/0/0/1//3714/LINEStorePC/main.png
2,GoClient,This is a Go Protobuf client!!,4408,史努比＆糊塗塌客,https://sdl-stickershop.line.naver.jp/products/0/0/1//4408/LINEStorePC/main.png
2,GoClient,This is a Go Protobuf client!!,3567,當肯喇迪賽,https://sdl-stickershop.line.naver.jp/products/0/0/1//3567/LINEStorePC/main.png
2,GoClient,This is a Go Protobuf client!!,3955,KUMATAN動態貼圖,https://sdl-stickershop.line.naver.jp/products/0/0/2//3955/LINEStorePC/main.png
2,GoClient,This is a Go Protobuf client!!,3347,大陰盜百貨~百貨日常篇,https://sdl-stickershop.line.naver.jp/products/0/0/1//3347/LINEStorePC/main.png
2,GoClient,This is a Go Protobuf client!!,3726,Miffy 動態貼圖,https://sdl-stickershop.line.naver.jp/products/0/0/1//3726/LINEStorePC/main.png
2,GoClient,This is a Go Protobuf client!!,3310,幾米 （小完美篇）,https://sdl-stickershop.line.naver.jp/products/0/0/1//3310/LINEStorePC/main.png
2,GoClient,This is a Go Protobuf client!!,3432,米滷蛋 滷鍋生活篇,https://sdl-stickershop.line.naver.jp/products/0/0/1//3432/LINEStorePC/main.png
2,GoClient,This is a Go Protobuf client!!,3384,會動的♪Sumikko Gurashi,https://sdl-stickershop.line.naver.jp/products/0/0/1//3384/LINEStorePC/main.png
2,GoClient,This is a Go Protobuf client!!,3330,人2,https://sdl-stickershop.line.naver.jp/products/0/0/1//3330/LINEStorePC/main.png
2,GoClient,This is a Go Protobuf client!!,2749,gudetama,https://sdl-stickershop.line.naver.jp/products/0/0/1//2749/LINEStorePC/main.png
2,GoClient,This is a Go Protobuf client!!,3583,加菲貓 動態貼圖,https://sdl-stickershop.line.naver.jp/products/0/0/1//3583/LINEStorePC/main.png
2,GoClient,This is a Go Protobuf client!!,3293,霹靂英雄,https://sdl-stickershop.line.naver.jp/products/0/0/1//3293/LINEStorePC/main.png
2,GoClient,This is a Go Protobuf client!!,3498,Rilakkuma（冬季篇）,https://sdl-stickershop.line.naver.jp/products/0/0/1//3498/LINEStorePC/main.png
2,GoClient,This is a Go Protobuf client!!,3208,麵包超人（好友動起來篇）,https://sdl-stickershop.line.naver.jp/products/0/0/1//3208/LINEStorePC/main.png
2,GoClient,This is a Go Protobuf client!!,3434,饅頭人（上班族加油吧篇）,https://sdl-stickershop.line.naver.jp/products/0/0/1//3434/LINEStorePC/main.png
2,GoClient,This is a Go Protobuf client!!,1466,cherng's 對話插畫集,https://sdl-stickershop.line.naver.jp/products/0/0/1//1466/LINEStorePC/main.png
2,GoClient,This is a Go Protobuf client!!,2710,熊大＆兔兔（心動約會篇♪）,https://sdl-stickershop.line.naver.jp/products/0/0/1//2710/LINEStorePC/main.png
2,GoClient,This is a Go Protobuf client!!,2351,LINE卡通明星（動來動去篇）,https://sdl-stickershop.line.naver.jp/products/0/0/2//2351/LINEStorePC/main.png
2,GoClient,This is a Go Protobuf client!!,2937,蛋黃哥,https://sdl-stickershop.line.naver.jp/products/0/0/1//2937/LINEStorePC/main.png
2,GoClient,This is a Go Protobuf client!!,2786,LINE卡通明星（快樂假期篇）,https://sdl-stickershop.line.naver.jp/products/0/0/1//2786/LINEStorePC/main.png
2,GoClient,This is a Go Protobuf client!!,3055,STAND BY ME 哆啦A夢,https://sdl-stickershop.line.naver.jp/products/0/0/1//3055/LINEStorePC/main.png
2,GoClient,This is a Go Protobuf client!!,3257,gudetama 動態貼圖,https://sdl-stickershop.line.naver.jp/products/0/0/1//3257/LINEStorePC/main.png
2,GoClient,This is a Go Protobuf client!!,3570,蛋黃哥 動態貼圖,https://sdl-stickershop.line.naver.jp/products/0/0/1//3570/LINEStorePC/main.png
2,GoClient,This is a Go Protobuf client!!,3312,會動喔！蠟筆小新動態貼圖,https://sdl-stickershop.line.naver.jp/products/0/0/1//3312/LINEStorePC/main.png
2,GoClient,This is a Go Protobuf client!!,3111,凱蒂貓動態貼圖,https://sdl-stickershop.line.naver.jp/products/0/0/1//3111/LINEStorePC/main.png
2,GoClient,This is a Go Protobuf client!!,3296,Chip 'n' Dale　動態貼圖,https://sdl-stickershop.line.naver.jp/products/0/0/1//3296/LINEStorePC/main.png
2,GoClient,This is a Go Protobuf client!!,3524,史迪奇（動態貼圖）,https://sdl-stickershop.line.naver.jp/products/0/0/1//3524/LINEStorePC/main.png
2,GoClient,This is a Go Protobuf client!!,2531,大陰盜百貨,https://sdl-stickershop.line.naver.jp/products/0/0/1//2531/LINEStorePC/main.png
2,GoClient,This is a Go Protobuf client!!,2673,米妮（可愛的每一天）,https://sdl-stickershop.line.naver.jp/products/0/0/1//2673/LINEStorePC/main.png
2,GoClient,This is a Go Protobuf client!!,3350,會動的！櫻桃小丸子,https://sdl-stickershop.line.naver.jp/products/0/0/1//3350/LINEStorePC/main.png
2,GoClient,This is a Go Protobuf client!!,2803,蠟筆小新（呼風喚雨篇2）,https://sdl-stickershop.line.naver.jp/products/0/0/1//2803/LINEStorePC/main.png
2,GoClient,This is a Go Protobuf client!!,2801,掰掰啾啾,https://sdl-stickershop.line.naver.jp/products/0/0/1//2801/LINEStorePC/main.png
2,GoClient,This is a Go Protobuf client!!,3665,彎彎 (動次動次小劇場),https://sdl-stickershop.line.naver.jp/products/0/0/1//3665/LINEStorePC/main.png
2,GoClient,This is a Go Protobuf client!!,3487,米奇（電視卡通版）,https://sdl-stickershop.line.naver.jp/products/0/0/1//3487/LINEStorePC/main.png
2,GoClient,This is a Go Protobuf client!!,3175,少女漫畫☆LINE卡通明星,https://sdl-stickershop.line.naver.jp/products/0/0/1//3175/LINEStorePC/main.png
2,GoClient,This is a Go Protobuf client!!,3431,Cherng的二代貼圖-動的來貘,https://sdl-stickershop.line.naver.jp/products/0/0/1//3431/LINEStorePC/main.png
2,GoClient,This is a Go Protobuf client!!,2711,OJIPAN 2,https://sdl-stickershop.line.naver.jp/products/0/0/1//2711/LINEStorePC/main.png
2,GoClient,This is a Go Protobuf client!!,2780,KUMATAN 3,https://sdl-stickershop.line.naver.jp/products/0/0/1//2780/LINEStorePC/main.png
2,GoClient,This is a Go Protobuf client!!,2713,抓狂一族《怪表情篇》,https://sdl-stickershop.line.naver.jp/products/0/0/1//2713/LINEStorePC/main.png
2,GoClient,This is a Go Protobuf client!!,3693,凱蒂貓（日本各地名產篇）,https://sdl-stickershop.line.naver.jp/products/0/0/1//3693/LINEStorePC/main.png
2,GoClient,This is a Go Protobuf client!!,2628,三麗鷗 可愛明星大集合2,https://sdl-stickershop.line.naver.jp/products/0/0/1//2628/LINEStorePC/main.png
2,GoClient,This is a Go Protobuf client!!,3465,賴賴 & 織織 動！起！來！,https://sdl-stickershop.line.naver.jp/products/0/0/1//3465/LINEStorePC/main.png
2,GoClient,This is a Go Protobuf client!!,3174,Happy☆小浣熊 動態貼圖,https://sdl-stickershop.line.naver.jp/products/0/0/1//3174/LINEStorePC/main.png
2,GoClient,This is a Go Protobuf client!!,3206,胖胖褲豬　動態貼圖,https://sdl-stickershop.line.naver.jp/products/0/0/1//3206/LINEStorePC/main.png
2,GoClient,This is a Go Protobuf client!!,3619,貓爪抓 -動起來抓-,https://sdl-stickershop.line.naver.jp/products/0/0/1//3619/LINEStorePC/main.png
2,GoClient,This is a Go Protobuf client!!,3227,香蕉人 (打屁情侶專用),https://sdl-stickershop.line.naver.jp/products/0/0/1//3227/LINEStorePC/main.png
2,GoClient,This is a Go Protobuf client!!,2712,酷洛米戀愛了,https://sdl-stickershop.line.naver.jp/products/0/0/1//2712/LINEStorePC/main.png
2,GoClient,This is a Go Protobuf client!!,2939,醜比頭圖鑑（還算好用篇）,https://sdl-stickershop.line.naver.jp/products/0/0/1//2939/LINEStorePC/main.png
2,GoClient,This is a Go Protobuf client!!,3772,香菇妹＆拉比豆的動動party,https://sdl-stickershop.line.naver.jp/products/0/0/1//3772/LINEStorePC/main.png
2,GoClient,This is a Go Protobuf client!!,2783,水豚君3,https://sdl-stickershop.line.naver.jp/products/0/0/1//2783/LINEStorePC/main.png
2,GoClient,This is a Go Protobuf client!!,2744,名偵探柯南vol.2,https://sdl-stickershop.line.naver.jp/products/0/0/1//2744/LINEStorePC/main.png
2,GoClient,This is a Go Protobuf client!!,3391,Pooh & Friends（溫馨的每一天）,https://sdl-stickershop.line.naver.jp/products/0/0/1//3391/LINEStorePC/main.png
2,GoClient,This is a Go Protobuf client!!,3721,香蕉人(打屁好友專用),https://sdl-stickershop.line.naver.jp/products/0/0/1//3721/LINEStorePC/main.png
2,GoClient,This is a Go Protobuf client!!,3575,蝦米 動不停!,https://sdl-stickershop.line.naver.jp/products/0/0/1//3575/LINEStorePC/main.png
2,GoClient,This is a Go Protobuf client!!,3816,台客阿公,https://sdl-stickershop.line.naver.jp/products/0/0/3//3816/LINEStorePC/main.png
2,GoClient,This is a Go Protobuf client!!,3349,Rilakkuma 動態貼圖,https://sdl-stickershop.line.naver.jp/products/0/0/1//3349/LINEStorePC/main.png
2,GoClient,This is a Go Protobuf client!!,3720,我們這一家,https://sdl-stickershop.line.naver.jp/products/0/0/1//3720/LINEStorePC/main.png
2,GoClient,This is a Go Protobuf client!!,2804,大耳狗（舒適生活篇）,https://sdl-stickershop.line.naver.jp/products/0/0/1//2804/LINEStorePC/main.png
2,GoClient,This is a Go Protobuf client!!,3223,會動的♪靴下貓,https://sdl-stickershop.line.naver.jp/products/0/0/1//3223/LINEStorePC/main.png
2,GoClient,This is a Go Protobuf client!!,3072,航海王 第2彈,https://sdl-stickershop.line.naver.jp/products/0/0/1//3072/LINEStorePC/main.png
2,GoClient,This is a Go Protobuf client!!,3292,賤女奈奈- 馬 上來耍賤,https://sdl-stickershop.line.naver.jp/products/0/0/1//3292/LINEStorePC/main.png
2,GoClient,This is a Go Protobuf client!!,3748,雙星仙子 動態貼圖,https://sdl-stickershop.line.naver.jp/products/0/0/1//3748/LINEStorePC/main.png
2,GoClient,This is a Go Protobuf client!!,3669,冰雪奇緣（動態貼圖）,https://sdl-stickershop.line.naver.jp/products/0/0/2//3669/LINEStorePC/main.png
2,GoClient,This is a Go Protobuf client!!,3392,翻白眼吧！溫蒂妮小姐。,https://sdl-stickershop.line.naver.jp/products/0/0/1//3392/LINEStorePC/main.png
2,GoClient,This is a Go Protobuf client!!,3210,就是要超感動,https://sdl-stickershop.line.naver.jp/products/0/0/1//3210/LINEStorePC/main.png
2,GoClient,This is a Go Protobuf client!!,3957,Rilakkuma & Kiiroitori,https://sdl-stickershop.line.naver.jp/products/0/0/1//3957/LINEStorePC/main.png
2,GoClient,This is a Go Protobuf client!!,3770,Aida&綺綺,https://sdl-stickershop.line.naver.jp/products/0/0/1//3770/LINEStorePC/main.png
2,GoClient,This is a Go Protobuf client!!,3228,世間情,https://sdl-stickershop.line.naver.jp/products/0/0/1//3228/LINEStorePC/main.png
2,GoClient,This is a Go Protobuf client!!,3313,My Melody 動態貼圖,https://sdl-stickershop.line.naver.jp/products/0/0/1//3313/LINEStorePC/main.png
2,GoClient,This is a Go Protobuf client!!,3393,鬼門圖文(阿嬤篇),https://sdl-stickershop.line.naver.jp/products/0/0/1//3393/LINEStorePC/main.png
2,GoClient,This is a Go Protobuf client!!,3823,GOGO!活潑的莎莉,https://sdl-stickershop.line.naver.jp/products/0/0/1//3823/LINEStorePC/main.png
2,GoClient,This is a Go Protobuf client!!,3386,史努比★動態貼圖,https://sdl-stickershop.line.naver.jp/products/0/0/1//3386/LINEStorePC/main.png
2,GoClient,This is a Go Protobuf client!!,3712,掰啾的二代貼圖-動的掰啾,https://sdl-stickershop.line.naver.jp/products/0/0/1//3712/LINEStorePC/main.png
2,GoClient,This is a Go Protobuf client!!,3818,魔王包降臨,https://sdl-stickershop.line.naver.jp/products/0/0/1//3818/LINEStorePC/main.png
2,GoClient,This is a Go Protobuf client!!,3224,LINE歡樂萬聖節★,https://sdl-stickershop.line.naver.jp/products/0/0/1//3224/LINEStorePC/main.png
2,GoClient,This is a Go Protobuf client!!,4541,胖胖褲豬3（有聲動態版）,https://sdl-stickershop.line.naver.jp/products/0/0/1//4541/LINEStorePC/main.png
2,GoClient,This is a Go Protobuf client!!,3495,三麗鷗快樂冬季,https://sdl-stickershop.line.naver.jp/products/0/0/1//3495/LINEStorePC/main.png
2,GoClient,This is a Go Protobuf client!!,3617,航海王 第3彈,https://sdl-stickershop.line.naver.jp/products/0/0/1//3617/LINEStorePC/main.png
2,GoClient,This is a Go Protobuf client!!,2242,史迪奇（Happy&Lovely）,https://sdl-stickershop.line.naver.jp/products/0/0/1//2242/LINEStorePC/main.png
2,GoClient,This is a Go Protobuf client!!,3714,大英雄天團（動態貼圖）,https://sdl-stickershop.line.naver.jp/products/0/0/1//3714/LINEStorePC/main.png
2,GoClient,This is a Go Protobuf client!!,4408,史努比＆糊塗塌客,https://sdl-stickershop.line.naver.jp/products/0/0/1//4408/LINEStorePC/main.png
2,GoClient,This is a Go Protobuf client!!,3567,當肯喇迪賽,https://sdl-stickershop.line.naver.jp/products/0/0/1//3567/LINEStorePC/main.png
2,GoClient,This is a Go Protobuf client!!,3955,KUMATAN動態貼圖,https://sdl-stickershop.line.naver.jp/products/0/0/2//3955/LINEStorePC/main.png
2,GoClient,This is a Go Protobuf client!!,3347,大陰盜百貨~百貨日常篇,https://sdl-stickershop.line.naver.jp/products/0/0/1//3347/LINEStorePC/main.png
2,GoClient,This is a Go Protobuf client!!,3726,Miffy 動態貼圖,https://sdl-stickershop.line.naver.jp/products/0/0/1//3726/LINEStorePC/main.png
2,GoClient,This is a Go Protobuf client!!,3310,幾米 （小完美篇）,https://sdl-stickershop.line.naver.jp/products/0/0/1//3310/LINEStorePC/main.png
2,GoClient,This is a Go Protobuf client!!,3432,米滷蛋 滷鍋生活篇,https://sdl-stickershop.line.naver.jp/products/0/0/1//3432/LINEStorePC/main.png
2,GoClient,This is a Go Protobuf client!!,3384,會動的♪Sumikko Gurashi,https://sdl-stickershop.line.naver.jp/products/0/0/1//3384/LINEStorePC/main.png
2,GoClient,This is a Go Protobuf client!!,3330,人2,https://sdl-stickershop.line.naver.jp/products/0/0/1//3330/LINEStorePC/main.png
2,GoClient,This is a Go Protobuf client!!,2749,gudetama,https://sdl-stickershop.line.naver.jp/products/0/0/1//2749/LINEStorePC/main.png
2,GoClient,This is a Go Protobuf client!!,3583,加菲貓 動態貼圖,https://sdl-stickershop.line.naver.jp/products/0/0/1//3583/LINEStorePC/main.png
2,GoClient,This is a Go Protobuf client!!,3293,霹靂英雄,https://sdl-stickershop.line.naver.jp/products/0/0/1//3293/LINEStorePC/main.png
2,GoClient,This is a Go Protobuf client!!,3498,Rilakkuma（冬季篇）,https://sdl-stickershop.line.naver.jp/products/0/0/1//3498/LINEStorePC/main.png
2,GoClient,This is a Go Protobuf client!!,3208,麵包超人（好友動起來篇）,https://sdl-stickershop.line.naver.jp/products/0/0/1//3208/LINEStorePC/main.png
2,GoClient,This is a Go Protobuf client!!,3434,饅頭人（上班族加油吧篇）,https://sdl-stickershop.line.naver.jp/products/0/0/1//3434/LINEStorePC/main.png
2,GoClient,This is a Go Protobuf client!!,1466,cherng's 對話插畫集,https://sdl-stickershop.line.naver.jp/products/0/0/1//1466/LINEStorePC/main.png
2,GoClient,This is a Go Protobuf client!!,2710,熊大＆兔兔（心動約會篇♪）,https://sdl-stickershop.line.naver.jp/products/0/0/1//2710/LINEStorePC/main.png
2,GoClient,This is a Go Protobuf client!!,2351,LINE卡通明星（動來動去篇）,https://sdl-stickershop.line.naver.jp/products/0/0/2//2351/LINEStorePC/main.png
2,GoClient,This is a Go Protobuf client!!,2937,蛋黃哥,https://sdl-stickershop.line.naver.jp/products/0/0/1//2937/LINEStorePC/main.png
2,GoClient,This is a Go Protobuf client!!,2786,LINE卡通明星（快樂假期篇）,https://sdl-stickershop.line.naver.jp/products/0/0/1//2786/LINEStorePC/main.png
2,GoClient,This is a Go Protobuf client!!,3055,STAND BY ME 哆啦A夢,https://sdl-stickershop.line.naver.jp/products/0/0/1//3055/LINEStorePC/main.png
2,GoClient,This is a Go Protobuf client!!,3257,gudetama 動態貼圖,https://sdl-stickershop.line.naver.jp/products/0/0/1//3257/LINEStorePC/main.png
2,GoClient,This is a Go Protobuf client!!,3570,蛋黃哥 動態貼圖,https://sdl-stickershop.line.naver.jp/products/0/0/1//3570/LINEStorePC/main.png
2,GoClient,This is a Go Protobuf client!!,3312,會動喔！蠟筆小新動態貼圖,https://sdl-stickershop.line.naver.jp/products/0/0/1//3312/LINEStorePC/main.png
2,GoClient,This is a Go Protobuf client!!,3296,Chip 'n' Dale　動態貼圖,https://sdl-stickershop.line.naver.jp/products/0/0/1//3296/LINEStorePC/main.png
2,GoClient,This is a Go Protobuf client!!,3111,凱蒂貓動態貼圖,https://sdl-stickershop.line.naver.jp/products/0/0/1//3111/LINEStorePC/main.png
2,GoClient,This is a Go Protobuf client!!,3524,史迪奇（動態貼圖）,https://sdl-stickershop.line.naver.jp/products/0/0/1//3524/LINEStorePC/main.png
2,GoClient,This is a Go Protobuf client!!,2531,大陰盜百貨,https://sdl-stickershop.line.naver.jp/products/0/0/1//2531/LINEStorePC/main.png
2,GoClient,This is a Go Protobuf client!!,2673,米妮（可愛的每一天）,https://sdl-stickershop.line.naver.jp/products/0/0/1//2673/LINEStorePC/main.png
2,GoClient,This is a Go Protobuf client!!,3350,會動的！櫻桃小丸子,https://sdl-stickershop.line.naver.jp/products/0/0/1//3350/LINEStorePC/main.png
2,GoClient,This is a Go Protobuf client!!,2803,蠟筆小新（呼風喚雨篇2）,https://sdl-stickershop.line.naver.jp/products/0/0/1//2803/LINEStorePC/main.png
2,GoClient,This is a Go Protobuf client!!,3665,彎彎 (動次動次小劇場),https://sdl-stickershop.line.naver.jp/products/0/0/1//3665/LINEStorePC/main.png
2,GoClient,This is a Go Protobuf client!!,2801,掰掰啾啾,https://sdl-stickershop.line.naver.jp/products/0/0/1//2801/LINEStorePC/main.png
2,GoClient,This is a Go Protobuf client!!,3487,米奇（電視卡通版）,https://sdl-stickershop.line.naver.jp/products/0/0/1//3487/LINEStorePC/main.png
2,GoClient,This is a Go Protobuf client!!,3431,Cherng的二代貼圖-動的來貘,https://sdl-stickershop.line.naver.jp/products/0/0/1//3431/LINEStorePC/main.png
2,GoClient,This is a Go Protobuf client!!,3175,少女漫畫☆LINE卡通明星,https://sdl-stickershop.line.naver.jp/products/0/0/1//3175/LINEStorePC/main.png
2,GoClient,This is a Go Protobuf client!!,2711,OJIPAN 2,https://sdl-stickershop.line.naver.jp/products/0/0/1//2711/LINEStorePC/main.png
2,GoClient,This is a Go Protobuf client!!,3693,凱蒂貓（日本各地名產篇）,https://sdl-stickershop.line.naver.jp/products/0/0/1//3693/LINEStorePC/main.png
2,GoClient,This is a Go Protobuf client!!,2780,KUMATAN 3,https://sdl-stickershop.line.naver.jp/products/0/0/1//2780/LINEStorePC/main.png
2,GoClient,This is a Go Protobuf client!!,2713,抓狂一族《怪表情篇》,https://sdl-stickershop.line.naver.jp/products/0/0/1//2713/LINEStorePC/main.png
2,GoClient,This is a Go Protobuf client!!,2628,三麗鷗 可愛明星大集合2,https://sdl-stickershop.line.naver.jp/products/0/0/1//2628/LINEStorePC/main.png
2,GoClient,This is a Go Protobuf client!!,3465,賴賴 & 織織 動！起！來！,https://sdl-stickershop.line.naver.jp/products/0/0/1//3465/LINEStorePC/main.png
2,GoClient,This is a Go Protobuf client!!,3174,Happy☆小浣熊 動態貼圖,https://sdl-stickershop.line.naver.jp/products/0/0/1//3174/LINEStorePC/main.png
2,GoClient,This is a Go Protobuf client!!,3206,胖胖褲豬　動態貼圖,https://sdl-stickershop.line.naver.jp/products/0/0/1//3206/LINEStorePC/main.png
2,GoClient,This is a Go Protobuf client!!,3619,貓爪抓 -動起來抓-,https://sdl-stickershop.line.naver.jp/products/0/0/1//3619/LINEStorePC/main.png
2,GoClient,This is a Go Protobuf client!!,3227,香蕉人 (打屁情侶專用),https://sdl-stickershop.line.naver.jp/products/0/0/1//3227/LINEStorePC/main.png
2,GoClient,This is a Go Protobuf client!!,3772,香菇妹＆拉比豆的動動party,https://sdl-stickershop.line.naver.jp/products/0/0/1//3772/LINEStorePC/main.png
2,GoClient,This is a Go Protobuf client!!,2712,酷洛米戀愛了,https://sdl-stickershop.line.naver.jp/products/0/0/1//2712/LINEStorePC/main.png
2,GoClient,This is a Go Protobuf client!!,2939,醜比頭圖鑑（還算好用篇）,https://sdl-stickershop.line.naver.jp/products/0/0/1//2939/LINEStorePC/main.png
2,GoClient,This is a Go Protobuf client!!,2783,水豚君3,https://sdl-stickershop.line.naver.jp/products/0/0/1//2783/LINEStorePC/main.png
2,GoClient,This is a Go Protobuf client!!,2744,名偵探柯南vol.2,https://sdl-stickershop.line.naver.jp/products/0/0/1//2744/LINEStorePC/main.png
2,GoClient,This is a Go Protobuf client!!,3391,Pooh & Friends（溫馨的每一天）,https://sdl-stickershop.line.naver.jp/products/0/0/1//3391/LINEStorePC/main.png
2,GoClient,This is a Go Protobuf client!!,3816,台客阿公,https://sdl-stickershop.line.naver.jp/products/0/0/3//3816/LINEStorePC/main.png
2,GoClient,This is a Go Protobuf client!!,3721,香蕉人(打屁好友專用),https://sdl-stickershop.line.naver.jp/products/0/0/1//3721/LINEStorePC/main.png
2,GoClient,This is a Go Protobuf client!!,3575,"蝦米,動不停!",https://sdl-stickershop.line.naver.jp/products/0/0/1//3575/LINEStorePC/main.png
2,GoClient,This is a Go Protobuf client!!,3720,我們這一家,https://sdl-stickershop.line.naver.jp/products/0/0/1//3720/LINEStorePC/main.png
2,GoClient,This is a Go Protobuf client!!,3349,Rilakkuma 動態貼圖,https://sdl-stickershop.line.naver.jp/products/0/0/1//3349/LINEStorePC/main.png
2,GoClient,This is a Go Protobuf client!!,2804,大耳狗（舒適生活篇）,https://sdl-stickershop.line.naver.jp/products/0/0/1//2804/LINEStorePC/main.png
2,GoClient,This is a Go Protobuf client!!,3223,會動的♪靴下貓,https://sdl-stickershop.line.naver.jp/products/0/0/1//3223/LINEStorePC/main.png
2,GoClient,This is a Go Protobuf client!!,3748,雙星仙子 動態貼圖,https://sdl-stickershop.line.naver.jp/products/0/0/1//3748/LINEStorePC/main.png
2,GoClient,This is a Go Protobuf client!!,3072,航海王 第2彈,https://sdl-stickershop.line.naver.jp/products/0/0/1//3072/LINEStorePC/main.png
2,GoClient,This is a Go Protobuf client!!,3292,"賤女奈奈-""馬""上來耍賤",https://sdl-stickershop.line.naver.jp/products/0/0/1//3292/LINEStorePC/main.png
2,GoClient,This is a Go Protobuf client!!,3957,Rilakkuma & Kiiroitori,https://sdl-stickershop.line.naver.jp/products/0/0/1//3957/LINEStorePC/main.png
2,GoClient,This is a Go Protobuf client!!,3669,冰雪奇緣（動態貼圖）,https://sdl-stickershop.line.naver.jp/products/0/0/2//3669/LINEStorePC/main.png
2,GoClient,This is a Go Protobuf client!!,3392,翻白眼吧！溫蒂妮小姐。,https://sdl-stickershop.line.naver.jp/products/0/0/1//3392/LINEStorePC/main.png
2,GoClient,This is a Go Protobuf client!!,3770,Aida&綺綺,https://sdl-stickershop.line.naver.jp/products/0/0/1//3770/LINEStorePC/main.png
2,GoClient,This is a Go Protobuf client!!,2710,熊大＆兔兔（心動約會篇♪）,https://sdl-stickershop.line.naver.jp/products/0/0/1//2710/LINEStorePC/main.png
2,GoClient,This is a Go Protobuf client!!,2351,LINE卡通明星（動來動去篇）,https://sdl-stickershop.line.naver.jp/products/0/0/2//2351/LINEStorePC/main.png
2,GoClient,This is a Go Protobuf client!!,2937,蛋黃哥,https://sdl-stickershop.line.naver.jp/products/0/0/1//2937/LINEStorePC/main.png
2,GoClient,This is a Go Protobuf client!!,2786,LINE卡通明星（快樂假期篇）,https://sdl-stickershop.line.naver.jp/products/0/0/1//2786/LINEStorePC/main.png
2,GoClient,This is a Go Protobuf client!!,3055,STAND BY ME 哆啦A夢,https://sdl-stickershop.line.naver.jp/products/0/0/1//3055/LINEStorePC/main.png
2,GoClient,This is a Go Protobuf client!!,3257,gudetama 動態貼圖,https://sdl-stickershop.line.naver.jp/products/0/0/1//3257/LINEStorePC/main.png
2,GoClient,This is a Go Protobuf client!!,3570,蛋黃哥 動態貼圖,https://sdl-stickershop.line.naver.jp/products/0/0/1//3570/LINEStorePC/main.png
2,GoClient,This is a Go Protobuf client!!,3312,會動喔！蠟筆小新動態貼圖,https://sdl-stickershop.line.naver.jp/products/0/0/1//3312/LINEStorePC/main.png
2,GoClient,This is a Go Protobuf client!!,3296,Chip 'n' Dale　動態貼圖,https://sdl-stickershop.line.naver.jp/products/0/0/1//3296/LINEStorePC/main.png
2,GoClient,This is a Go Protobuf client!!,3111,凱蒂貓動態貼圖,https://sdl-stickershop.line.naver.jp/products/0/0/1//3111/LINEStorePC/main.png
2,GoClient,This is a Go Protobuf client!!,3524,史迪奇（動態貼圖）,https://sdl-stickershop.line.naver.jp/products/0/0/1//3524/LINEStorePC/main.png
2,GoClient,This is a Go Protobuf client!!,2531,大陰盜百貨,https://sdl-stickershop.line.naver.jp/products/0/0/1//2531/LINEStorePC/main.png
2,GoClient,This is a Go Protobuf client!!,2673,米妮（可愛的每一天）,https://sdl-stickershop.line.naver.jp/products/0/0/1//2673/LINEStorePC/main.png
2,GoClient,This is a Go Protobuf client!!,3350,會動的！櫻桃小丸子,https://sdl-stickershop.line.naver.jp/products/0/0/1//3350/LINEStorePC/main.png
2,GoClient,This is a Go Protobuf client!!,2803,蠟筆小新（呼風喚雨篇2）,https://sdl-stickershop.line.naver.jp/products/0/0/1//2803/LINEStorePC/main.png
2,GoClient,This is a Go Protobuf client!!,3665,彎彎 (動次動次小劇場),https://sdl-stickershop.line.naver.jp/products/0/0/1//3665/LINEStorePC/main.png
2,GoClient,This is a Go Protobuf client!!,2801,掰掰啾啾,https://sdl-stickershop.line.naver.jp/products/0/0/1//2801/LINEStorePC/main.png
2,GoClient,This is a Go Protobuf client!!,3487,米奇（電視卡通版）,https://sdl-stickershop.line.naver.jp/products/0/0/1//3487/LINEStorePC/main.png
2,GoClient,This is a Go Protobuf client!!,3431,Cherng的二代貼圖-動的來貘,https://sdl-stickershop.line.naver.jp/products/0/0/1//3431/LINEStorePC/main.png
2,GoClient,This is a Go Protobuf client!!,3175,少女漫畫☆LINE卡通明星,https://sdl-stickershop.line.naver.jp/products/0/0/1//3175/LINEStorePC/main.png
2,GoClient,This is a Go Protobuf client!!,2711,OJIPAN 2,https://sdl-stickershop.line.naver.jp/products/0/0/1//2711/LINEStorePC/main.png
2,GoClient,This is a Go Protobuf client!!,3693,凱蒂貓（日本各地名產篇）,https://sdl-stickershop.line.naver.jp/products/0/0/1//3693/LINEStorePC/main.png
2,GoClient,This is a Go Protobuf client!!,2780,KUMATAN 3,https://sdl-stickershop.line.naver.jp/products/0/0/1//2780/LINEStorePC/main.png
2,GoClient,This is a Go Protobuf client!!,2713,抓狂一族《怪表情篇》,https://sdl-stickershop.line.naver.jp/products/0/0/1//2713/LINEStorePC/main.png
2,GoClient,This is a Go Protobuf client!!,2628,三麗鷗 可愛明星大集合2,https://sdl-stickershop.line.naver.jp/products/0/0/1//2628/LINEStorePC/main.png
2,GoClient,This is a Go Protobuf client!!,3465,賴賴 & 織織 動！起！來！,https://sdl-stickershop.line.naver.jp/products/0/0/1//3465/LINEStorePC/main.png
2,GoClient,This is a Go Protobuf client!!,3174,Happy☆小浣熊 動態貼圖,https://sdl-stickershop.line.naver.jp/products/0/0/1//3174/LINEStorePC/main.png
2,GoClient,This is a Go Protobuf client!!,3206,胖胖褲豬　動態貼圖,https://sdl-stickershop.line.naver.jp/products/0/0/1//3206/LINEStorePC/main.png
2,GoClient,This is a Go Protobuf client!!,3619,貓爪抓 -動起來抓-,https://sdl-stickershop.line.naver.jp/products/0/0/1//3619/LINEStorePC/main.png
2,GoClient,This is a Go Protobuf client!!,3227,香蕉人 (打屁情侶專用),https://sdl-stickershop.line.naver.jp/products/0/0/1//3227/LINEStorePC/main.png
2,GoClient,This is a Go Protobuf client!!,3772,香菇妹＆拉比豆的動動party,https://sdl-stickershop.line.naver.jp/products/0/0/1//3772/LINEStorePC/main.png
2,GoClient,This is a Go Protobuf client!!,2712,酷洛米戀愛了,https://sdl-stickershop.line.naver.jp/products/0/0/1//2712/LINEStorePC/main.png
2,GoClient,This is a Go Protobuf client!!,2939,醜比頭圖鑑（還算好用篇）,https://sdl-stickershop.line.naver.jp/products/0/0/1//2939/LINEStorePC/main.png
2,GoClient,This is a Go Protobuf client!!,2783,水豚君3,https://sdl-stickershop.line.naver.jp/products/0/0/1//2783/LINEStorePC/main.png
2,GoClient,This is a Go Protobuf client!!,2744,名偵探柯南vol.2,https://sdl-stickershop.line.naver.jp/products/0/0/1//2744/LINEStorePC/main.png
2,GoClient,This is a Go Protobuf client!!,3391,Pooh & Friends（溫馨的每一天）,https://sdl-stickershop.line.naver.jp/products/0/0/1//3391/LINEStorePC/main.png
2,GoClient,This is a Go Protobuf client!!,3816,台客阿公,https://sdl-stickershop.line.naver.jp/products/0/0/3//3816/LINEStorePC/main.png
2,GoClient,This is a Go Protobuf client!!,3721,香蕉人(打屁好友專用),https://sdl-stickershop.line.naver.jp/products/0/0/1//3721/LINEStorePC/main.png
2,GoClient,This is a Go Protobuf client!!,3575,"蝦米,動不停!",https://sdl-stickershop.line.naver.jp/products/0/0/1//3575/LINEStorePC/main.png
2,GoClient,This is a Go Protobuf client!!,3720,我們這一家,https://sdl-stickershop.line.naver.jp/products/0/0/1//3720/LINEStorePC/main.png
2,GoClient,This is a Go Protobuf client!!,3349,Rilakkuma 動態貼圖,https://sdl-stickershop.line.naver.jp/products/0/0/1//3349/LINEStorePC/main.png
2,GoClient,This is a Go Protobuf client!!,2804,大耳狗（舒適生活篇）,https://sdl-stickershop.line.naver.jp/products/0/0/1//2804/LINEStorePC/main.png
2,GoClient,This is a Go Protobuf client!!,3223,會動的♪靴下貓,https://sdl-stickershop.line.naver.jp/products/0/0/1//3223/LINEStorePC/main.png
2,GoClient,This is a Go Protobuf client!!,3748,雙星仙子 動態貼圖,https://sdl-stickershop.line.naver.jp/products/0/0/1//3748/LINEStorePC/main.png
2,GoClient,This is a Go Protobuf client!!,3072,航海王 第2彈,https://sdl-stickershop.line.naver.jp/products/0/0/1//3072/LINEStorePC/main.png
2,GoClient,This is a Go Protobuf client!!,3292,"賤女奈奈-""馬""上來耍賤",https://sdl-stickershop.line.naver.jp/products/0/0/1//3292/LINEStorePC/main.png
2,GoClient,This is a Go Protobuf client!!,3957,Rilakkuma & Kiiroitori,https://sdl-stickershop.line.naver.jp/products/0/0/1//3957/LINEStorePC/main.png
2,GoClient,This is a Go Protobuf client!!,3669,冰雪奇緣（動態貼圖）,https://sdl-stickershop.line.naver.jp/products/0/0/2//3669/LINEStorePC/main.png
2,GoClient,This is a Go Protobuf client!!,3392,翻白眼吧！溫蒂妮小姐。,https://sdl-stickershop.line.naver.jp/products/0/0/1//3392/LINEStorePC/main.png
2,GoClient,This is a Go Protobuf client!!,3770,Aida&綺綺,https://sdl-stickershop.line.naver.jp/products/0/0/1//3770/LINEStorePC/main.png
2,GoClient,This is a Go Protobuf client!!,3210,就是要超感動,https://sdl-stickershop.line.naver.jp/products/0/0/1//3210/LINEStorePC/main.png
2,GoClient,This is a Go Protobuf client!!,3228,世間情,https://sdl-stickershop.line.naver.jp/products/0/0/1//3228/LINEStorePC/main.png
2,GoClient,This is a Go Protobuf client!!,4541,胖胖褲豬3（有聲動態版）,https://sdl-stickershop.line.naver.jp/products/0/0/1//4541/LINEStorePC/main.png
2,GoClient,This is a Go Protobuf client!!,3393,鬼門圖文(阿嬤篇),https://sdl-stickershop.line.naver.jp/products/0/0/1//3393/LINEStorePC/main.png
2,GoClient,This is a Go Protobuf client!!,3313,My Melody 動態貼圖,https://sdl-stickershop.line.naver.jp/products/0/0/1//3313/LINEStorePC/main.png
2,GoClient,This is a Go Protobuf client!!,3823,GOGO!活潑的莎莉,https://sdl-stickershop.line.naver.jp/products/0/0/1//3823/LINEStorePC/main.png
2,GoClient,This is a Go Protobuf client!!,3386,史努比★動態貼圖,https://sdl-stickershop.line.naver.jp/products/0/0/1//3386/LINEStorePC/main.png
2,GoClient,This is a Go Protobuf client!!,3712,掰啾的二代貼圖-動的掰啾,https://sdl-stickershop.line.naver.jp/products/0/0/1//3712/LINEStorePC/main.png
2,GoClient,This is a Go Protobuf client!!,4408,史努比＆糊塗塌客,https://sdl-stickershop.line.naver.jp/products/0/0/1//4408/LINEStorePC/main.png
2,GoClient,This is a Go Protobuf client!!,3818,魔王包降臨,https://sdl-stickershop.line.naver.jp/products/0/0/1//3818/LINEStorePC/main.png
2,GoClient,This is a Go Protobuf client!!,3224,LINE歡樂萬聖節★,https://sdl-stickershop.line.naver.jp/products/0/0/1//3224/LINEStorePC/main.png
2,GoClient,This is a Go Protobuf client!!,3617,航海王 第3彈,https://sdl-stickershop.line.naver.jp/products/0/0/1//3617/LINEStorePC/main.png
2,GoClient,This is a Go Protobuf client!!,3495,三麗鷗快樂冬季,https://sdl-stickershop.line.naver.jp/products/0/0/1//3495/LINEStorePC/main.png
2,GoClient,This is a Go Protobuf client!!,2242,史迪奇（Happy&Lovely）,https://sdl-stickershop.line.naver.jp/products/0/0/1//2242/LINEStorePC/main.png
2,GoClient,This is a Go Protobuf client!!,3714,大英雄天團（動態貼圖）,https://sdl-stickershop.line.naver.jp/products/0/0/1//3714/LINEStorePC/main.png
2,GoClient,This is a Go Protobuf client!!,3567,當肯喇迪賽,https://sdl-stickershop.line.naver.jp/products/0/0/1//3567/LINEStorePC/main.png
2,GoClient,This is a Go Protobuf client!!,3955,KUMATAN動態貼圖,https://sdl-stickershop.line.naver.jp/products/0/0/2//3955/LINEStorePC/main.png
2,GoClient,This is a Go Protobuf client!!,3347,大陰盜百貨~百貨日常篇,https://sdl-stickershop.line.naver.jp/products/0/0/1//3347/LINEStorePC/main.png
2,GoClient,This is a Go Protobuf client!!,3726,Miffy 動態貼圖,https://sdl-stickershop.line.naver.jp/products/0/0/1//3726/LINEStorePC/main.png
2,GoClient,This is a Go Protobuf client!!,3432,米滷蛋 滷鍋生活篇,https://sdl-stickershop.line.naver.jp/products/0/0/1//3432/LINEStorePC/main.png
2,GoClient,This is a Go Protobuf client!!,3310,幾米 （小完美篇）,https://sdl-stickershop.line.naver.jp/products/0/0/1//3310/LINEStorePC/main.png
2,GoClient,This is a Go Protobuf client!!,3384,會動的♪Sumikko Gurashi,https://sdl-stickershop.line.naver.jp/products/0/0/1//3384/LINEStorePC/main.png
2,GoClient,This is a Go Protobuf client!!,3330,人2,https://sdl-stickershop.line.naver.jp/products/0/0/1//3330/LINEStorePC/main.png
2,GoClient,This is a Go Protobuf client!!,2749,gudetama,https://sdl-stickershop.line.naver.jp/products/0/0/1//2749/LINEStorePC/main.png
2,GoClient,This is a Go Protobuf client!!,3293,霹靂英雄,https://sdl-stickershop.line.naver.jp/products/0/0/1//3293/LINEStorePC/main.png
2,GoClient,This is a Go Protobuf client!!,3583,加菲貓 動態貼圖,https://sdl-stickershop.line.naver.jp/products/0/0/1//3583/LINEStorePC/main.png
2,GoClient,This is a Go Protobuf client!!,3498,Rilakkuma（冬季篇）,https://sdl-stickershop.line.naver.jp/products/0/0/1//3498/LINEStorePC/main.png
2,GoClient,This is a Go Protobuf client!!,3208,麵包超人（好友動起來篇）,https://sdl-stickershop.line.naver.jp/products/0/0/1//3208/LINEStorePC/main.png
2,GoClient,This is a Go Protobuf client!!,3434,饅頭人（上班族加油吧篇）,https://sdl-stickershop.line.naver.jp/products/0/0/1//3434/LINEStorePC/main.png
2,GoClient,This is a Go Protobuf client!!,1466,cherng's 對話插畫集,https://sdl-stickershop.line.naver.jp/products/0/0/1//1466/LINEStorePC/main.png
2,GoClient,This is a Go Protobuf client!!,1001721,布朗餅乾,https://sdl-stickershop.line.naver.jp/products/0/0/1//1001721/LINEStorePC/main.png
2,GoClient,This is a Go Protobuf client!!,1001429,白貓小凜,https://sdl-stickershop.line.naver.jp/products/0/0/1//1001429/LINEStorePC/main.png
2,GoClient,This is a Go Protobuf client!!,1000215,香蕉人,https://sdl-stickershop.line.naver.jp/products/0/0/1//1000215/LINEStorePC/main.png
2,GoClient,This is a Go Protobuf client!!,1008533,賤女奈奈(台灣篇),https://sdl-stickershop.line.naver.jp/products/0/0/1//1008533/LINEStorePC/main.png
2,GoClient,This is a Go Protobuf client!!,1003061,米滷蛋,https://sdl-stickershop.line.naver.jp/products/0/0/1//1003061/LINEStorePC/main.png
2,GoClient,This is a Go Protobuf client!!,1036951,ㄇㄚˊ幾兔,https://sdl-stickershop.line.naver.jp/products/0/0/1//1036951/LINEStorePC/main.png
2,GoClient,This is a Go Protobuf client!!,1004605,鬼門圖文,https://sdl-stickershop.line.naver.jp/products/0/0/1//1004605/LINEStorePC/main.png
2,GoClient,This is a Go Protobuf client!!,1000738,EGG`s Shiba Inu,https://sdl-stickershop.line.naver.jp/products/0/0/1//1000738/LINEStorePC/main.png
2,GoClient,This is a Go Protobuf client!!,1002023,Stamp of Corgi,https://sdl-stickershop.line.naver.jp/products/0/0/1//1002023/LINEStorePC/main.png
2,GoClient,This is a Go Protobuf client!!,1010351,四小折 經典表情圖案,https://sdl-stickershop.line.naver.jp/products/0/0/1//1010351/LINEStorePC/main.png
2,GoClient,This is a Go Protobuf client!!,1005710,熊 秋葵,https://sdl-stickershop.line.naver.jp/products/0/0/1//1005710/LINEStorePC/main.png
2,GoClient,This is a Go Protobuf client!!,1005970,好人信的白爛貼圖  等好久篇,https://sdl-stickershop.line.naver.jp/products/0/0/1//1005970/LINEStorePC/main.png
2,GoClient,This is a Go Protobuf client!!,1010254,K仔,https://sdl-stickershop.line.naver.jp/products/0/0/1//1010254/LINEStorePC/main.png
2,GoClient,This is a Go Protobuf client!!,1018863,柯基犬大集合,https://sdl-stickershop.line.naver.jp/products/0/0/1//1018863/LINEStorePC/main.png
2,GoClient,This is a Go Protobuf client!!,1005610,Kawaii Animals,https://sdl-stickershop.line.naver.jp/products/0/0/1//1005610/LINEStorePC/main.png
2,GoClient,This is a Go Protobuf client!!,1002342,強敵出現了！,https://sdl-stickershop.line.naver.jp/products/0/0/1//1002342/LINEStorePC/main.png
2,GoClient,This is a Go Protobuf client!!,1007272,Pisuke&Rabbit.2 by Kanahei,https://sdl-stickershop.line.naver.jp/products/0/0/1//1007272/LINEStorePC/main.png
2,GoClient,This is a Go Protobuf client!!,1056342,Misa的日常生活貼 2,https://sdl-stickershop.line.naver.jp/products/0/0/1//1056342/LINEStorePC/main.png
2,GoClient,This is a Go Protobuf client!!,1051706,憨頭二人組,https://sdl-stickershop.line.naver.jp/products/0/0/1//1051706/LINEStorePC/main.png
2,GoClient,This is a Go Protobuf client!!,1051510,懶散兔與啾先生的OS人生,https://sdl-stickershop.line.naver.jp/products/0/0/1//1051510/LINEStorePC/main.png
2,GoClient,This is a Go Protobuf client!!,1005149,1-A Original,https://sdl-stickershop.line.naver.jp/products/0/0/1//1005149/LINEStorePC/main.png
2,GoClient,This is a Go Protobuf client!!,1063445,日本种小犬,https://sdl-stickershop.line.naver.jp/products/0/0/1//1063445/LINEStorePC/main.png
2,GoClient,This is a Go Protobuf client!!,1049215,豆卡頻道,https://sdl-stickershop.line.naver.jp/products/0/0/1//1049215/LINEStorePC/main.png
2,GoClient,This is a Go Protobuf client!!,1004723,Tama Tarou,https://sdl-stickershop.line.naver.jp/products/0/0/1//1004723/LINEStorePC/main.png
2,GoClient,This is a Go Protobuf client!!,1004090,Butata in Summer,https://sdl-stickershop.line.naver.jp/products/0/0/1//1004090/LINEStorePC/main.png
2,GoClient,This is a Go Protobuf client!!,1000509,Pisuke&Rabbit. by Kanahei,https://sdl-stickershop.line.naver.jp/products/0/0/1//1000509/LINEStorePC/main.png
2,GoClient,This is a Go Protobuf client!!,1033677,台客阿公,https://sdl-stickershop.line.naver.jp/products/0/0/1//1033677/LINEStorePC/main.png
2,GoClient,This is a Go Protobuf client!!,1005609,大狗小貓隨手畫,https://sdl-stickershop.line.naver.jp/products/0/0/1//1005609/LINEStorePC/main.png
2,GoClient,This is a Go Protobuf client!!,1003945,蜜袋鼯,https://sdl-stickershop.line.naver.jp/products/0/0/1//1003945/LINEStorePC/main.png
2,GoClient,This is a Go Protobuf client!!,1001058,Moai-kun,https://sdl-stickershop.line.naver.jp/products/0/0/1//1001058/LINEStorePC/main.png
2,GoClient,This is a Go Protobuf client!!,1049101,米米(日常生活篇),https://sdl-stickershop.line.naver.jp/products/0/0/1//1049101/LINEStorePC/main.png
2,GoClient,This is a Go Protobuf client!!,1004533,Love DACHS,https://sdl-stickershop.line.naver.jp/products/0/0/1//1004533/LINEStorePC/main.png
2,GoClient,This is a Go Protobuf client!!,1037171,好人信的生活日常(第二發!),https://sdl-stickershop.line.naver.jp/products/0/0/1//1037171/LINEStorePC/main.png
2,GoClient,This is a Go Protobuf client!!,1062260,親愛的老爸老媽,https://sdl-stickershop.line.naver.jp/products/0/0/1//1062260/LINEStorePC/main.png
2,GoClient,This is a Go Protobuf client!!,1062197,白熊小圈圈,https://sdl-stickershop.line.naver.jp/products/0/0/1//1062197/LINEStorePC/main.png
2,GoClient,This is a Go Protobuf client!!,1011388,我是蝦米!,https://sdl-stickershop.line.naver.jp/products/0/0/1//1011388/LINEStorePC/main.png
2,GoClient,This is a Go Protobuf client!!,1116690,Mr.BANANA 香蕉先生(白爛中文版),https://sdl-stickershop.line.naver.jp/products/0/0/1//1116690/LINEStorePC/main.png
2,GoClient,This is a Go Protobuf client!!,1004639,YurumaruChihuahuanPotemaru,https://sdl-stickershop.line.naver.jp/products/0/0/1//1004639/LINEStorePC/main.png
2,GoClient,This is a Go Protobuf client!!,1003988,恩愛貼圖,https://sdl-stickershop.line.naver.jp/products/0/0/1//1003988/LINEStorePC/main.png
2,GoClient,This is a Go Protobuf client!!,1034862,貼圖標題 超級活潑的 Office Lady葉山。,https://sdl-stickershop.line.naver.jp/products/0/0/1//1034862/LINEStorePC/main.png
2,GoClient,This is a Go Protobuf client!!,1017940,亞洲統神,https://sdl-stickershop.line.naver.jp/products/0/0/1//1017940/LINEStorePC/main.png
2,GoClient,This is a Go Protobuf client!!,1093611,Love mode,https://sdl-stickershop.line.naver.jp/products/0/0/1//1093611/LINEStorePC/main.png
2,GoClient,This is a Go Protobuf client!!,1060934,來自宮廷的瞎兜 Shadowww！,https://sdl-stickershop.line.naver.jp/products/0/0/1//1060934/LINEStorePC/main.png
2,GoClient,This is a Go Protobuf client!!,1040059,I am 深W姐,https://sdl-stickershop.line.naver.jp/products/0/0/1//1040059/LINEStorePC/main.png
2,GoClient,This is a Go Protobuf client!!,1050032,隔壁老王 2,https://sdl-stickershop.line.naver.jp/products/0/0/1//1050032/LINEStorePC/main.png
2,GoClient,This is a Go Protobuf client!!,1008793,波樂熊(基本款),https://sdl-stickershop.line.naver.jp/products/0/0/1//1008793/LINEStorePC/main.png
2,GoClient,This is a Go Protobuf client!!,1080083,檸檬達(第二季)：文字篇,https://sdl-stickershop.line.naver.jp/products/0/0/1//1080083/LINEStorePC/main.png
2,GoClient,This is a Go Protobuf client!!,1063524,純棉三羊,https://sdl-stickershop.line.naver.jp/products/0/0/1//1063524/LINEStorePC/main.png
2,GoClient,This is a Go Protobuf client!!,1005288,朋友貼圖,https://sdl-stickershop.line.naver.jp/products/0/0/1//1005288/LINEStorePC/main.png
2,GoClient,This is a Go Protobuf client!!,1040299,Bac Bac's Diary,https://sdl-stickershop.line.naver.jp/products/0/0/1//1040299/LINEStorePC/main.png
2,GoClient,This is a Go Protobuf client!!,1112263,貓爪抓 -一把抓-,https://sdl-stickershop.line.naver.jp/products/0/0/1//1112263/LINEStorePC/main.png
2,GoClient,This is a Go Protobuf client!!,1001630,拉比豆的異想世界,https://sdl-stickershop.line.naver.jp/products/0/0/1//1001630/LINEStorePC/main.png
2,GoClient,This is a Go Protobuf client!!,1033821,Life of chicken and chicks,https://sdl-stickershop.line.naver.jp/products/0/0/1//1033821/LINEStorePC/main.png
2,GoClient,This is a Go Protobuf client!!,1043153,貓貓蟲-咖波,https://sdl-stickershop.line.naver.jp/products/0/0/1//1043153/LINEStorePC/main.png
2,GoClient,This is a Go Protobuf client!!,1014175,弟兄條款（buroku）第1部分,https://sdl-stickershop.line.naver.jp/products/0/0/1//1014175/LINEStorePC/main.png
2,GoClient,This is a Go Protobuf client!!,1012965,Tumurin,https://sdl-stickershop.line.naver.jp/products/0/0/1//1012965/LINEStorePC/main.png
2,GoClient,This is a Go Protobuf client!!,1060256,台客阿嬤04,https://sdl-stickershop.line.naver.jp/products/0/0/1//1060256/LINEStorePC/main.png
2,GoClient,This is a Go Protobuf client!!,1118888,無奈熊愛耍賴,https://sdl-stickershop.line.naver.jp/products/0/0/1//1118888/LINEStorePC/main.png
2,GoClient,This is a Go Protobuf client!!,1008597,花生男,https://sdl-stickershop.line.naver.jp/products/0/0/1//1008597/LINEStorePC/main.png
2,GoClient,This is a Go Protobuf client!!,1055707,九達文具 蝦米郎,https://sdl-stickershop.line.naver.jp/products/0/0/1//1055707/LINEStorePC/main.png
2,GoClient,This is a Go Protobuf client!!,1008666,茶包妹,https://sdl-stickershop.line.naver.jp/products/0/0/1//1008666/LINEStorePC/main.png
2,GoClient,This is a Go Protobuf client!!,1018788,多注意我一些呀！,https://sdl-stickershop.line.naver.jp/products/0/0/1//1018788/LINEStorePC/main.png
2,GoClient,This is a Go Protobuf client!!,1112376,難搞小姐(雌性專用),https://sdl-stickershop.line.naver.jp/products/0/0/1//1112376/LINEStorePC/main.png
2,GoClient,This is a Go Protobuf client!!,1034000,Mr.狸貓先生(日常用語篇),https://sdl-stickershop.line.naver.jp/products/0/0/1//1034000/LINEStorePC/main.png
2,GoClient,This is a Go Protobuf client!!,1043004,喵喵小白喵,https://sdl-stickershop.line.naver.jp/products/0/0/1//1043004/LINEStorePC/main.png
2,GoClient,This is a Go Protobuf client!!,1080211,波波猴與波波包 (日常篇),https://sdl-stickershop.line.naver.jp/products/0/0/1//1080211/LINEStorePC/main.png
2,GoClient,This is a Go Protobuf client!!,1010911,產後媽咪,https://sdl-stickershop.line.naver.jp/products/0/0/1//1010911/LINEStorePC/main.png
2,GoClient,This is a Go Protobuf client!!,1122915,OK 兔,https://sdl-stickershop.line.naver.jp/products/0/0/1//1122915/LINEStorePC/main.png
2,GoClient,This is a Go Protobuf client!!,1004974,豬豬,https://sdl-stickershop.line.naver.jp/products/0/0/1//1004974/LINEStorePC/main.png
2,GoClient,This is a Go Protobuf client!!,1035391,胖人妻的日常用語1,https://sdl-stickershop.line.naver.jp/products/0/0/1//1035391/LINEStorePC/main.png
2,GoClient,This is a Go Protobuf client!!,1056252,泡芙姊姊~笑笑,https://sdl-stickershop.line.naver.jp/products/0/0/1//1056252/LINEStorePC/main.png
2,GoClient,This is a Go Protobuf client!!,1034810,Hachi在等你喔（繁體中文版）,https://sdl-stickershop.line.naver.jp/products/0/0/1//1034810/LINEStorePC/main.png
2,GoClient,This is a Go Protobuf client!!,1126905,柴犬大集合！,https://sdl-stickershop.line.naver.jp/products/0/0/1//1126905/LINEStorePC/main.png
2,GoClient,This is a Go Protobuf client!!,1068859,熊，有事嗎？(中文版),https://sdl-stickershop.line.naver.jp/products/0/0/1//1068859/LINEStorePC/main.png
2,GoClient,This is a Go Protobuf client!!,1051384,K仔 三部曲,https://sdl-stickershop.line.naver.jp/products/0/0/1//1051384/LINEStorePC/main.png
2,GoClient,This is a Go Protobuf client!!,1120219,兔包這一家!,https://sdl-stickershop.line.naver.jp/products/0/0/1//1120219/LINEStorePC/main.png
2,GoClient,This is a Go Protobuf client!!,1084488,弟兄條款（buroku）第2部分,https://sdl-stickershop.line.naver.jp/products/0/0/1//1084488/LINEStorePC/main.png
2,GoClient,This is a Go Protobuf client!!,1033694,熊勝利(台語篇 Part2),https://sdl-stickershop.line.naver.jp/products/0/0/1//1033694/LINEStorePC/main.png
2,GoClient,This is a Go Protobuf client!!,1005995,椪椪柯基犬,https://sdl-stickershop.line.naver.jp/products/0/0/1//1005995/LINEStorePC/main.png
2,GoClient,This is a Go Protobuf client!!,1005498,iinu  - Toy Poodle,https://sdl-stickershop.line.naver.jp/products/0/0/1//1005498/LINEStorePC/main.png
2,GoClient,Protobuf client,1001721,布朗餅乾,https://sdl-stickershop.line.naver.jp/products/0/0/1//1001721/LINEStorePC/main.png
2,GoClient,Protobuf client,1001429,白貓小凜,https://sdl-stickershop.line.naver.jp/products/0/0/1//1001429/LINEStorePC/main.png
2,GoClient,Protobuf client,1000215,香蕉人,https://sdl-stickershop.line.naver.jp/products/0/0/1//1000215/LINEStorePC/main.png
2,GoClient,Protobuf client,1008533,賤女奈奈(台灣篇),https://sdl-stickershop.line.naver.jp/products/0/0/1//1008533/LINEStorePC/main.png
2,GoClient,Protobuf client,1003061,米滷蛋,https://sdl-stickershop.line.naver.jp/products/0/0/1//1003061/LINEStorePC/main.png
2,GoClient,Protobuf client,1036951,ㄇㄚˊ幾兔,https://sdl-stickershop.line.naver.jp/products/0/0/1//1036951/LINEStorePC/main.png
2,GoClient,Protobuf client,1004605,鬼門圖文,https://sdl-stickershop.line.naver.jp/products/0/0/1//1004605/LINEStorePC/main.png
2,GoClient,Protobuf client,1000738,EGG`s Shiba Inu,https://sdl-stickershop.line.naver.jp/products/0/0/1//1000738/LINEStorePC/main.png
2,GoClient,Protobuf client,1002023,Stamp of Corgi,https://sdl-stickershop.line.naver.jp/products/0/0/1//1002023/LINEStorePC/main.png
2,GoClient,Protobuf client,1010351,四小折 經典表情圖案,https://sdl-stickershop.line.naver.jp/products/0/0/1//1010351/LINEStorePC/main.png
2,GoClient,Protobuf client,1005710,熊 秋葵,https://sdl-stickershop.line.naver.jp/products/0/0/1//1005710/LINEStorePC/main.png
2,GoClient,Protobuf client,1005970,好人信的白爛貼圖  等好久篇,https://sdl-stickershop.line.naver.jp/products/0/0/1//1005970/LINEStorePC/main.png
2,GoClient,Protobuf client,1010254,K仔,https://sdl-stickershop.line.naver.jp/products/0/0/1//1010254/LINEStorePC/main.png
2,GoClient,Protobuf client,1018863,柯基犬大集合,https://sdl-stickershop.line.naver.jp/products/0/0/1//1018863/LINEStorePC/main.png
2,GoClient,Protobuf client,1005610,Kawaii Animals,https://sdl-stickershop.line.naver.jp/products/0/0/1//1005610/LINEStorePC/main.png
2,GoClient,Protobuf client,1002342,強敵出現了！,https://sdl-stickershop.line.naver.jp/products/0/0/1//1002342/LINEStorePC/main.png
2,GoClient,Protobuf client,1007272,Pisuke&Rabbit.2 by Kanahei,https://sdl-stickershop.line.naver.jp/products/0/0/1//1007272/LINEStorePC/main.png
2,GoClient,Protobuf client,1056342,Misa的日常生活貼 2,https://sdl-stickershop.line.naver.jp/products/0/0/1//1056342/LINEStorePC/main.png
2,GoClient,Protobuf client,1051706,憨頭二人組,https://sdl-stickershop.line.naver.jp/products/0/0/1//1051706/LINEStorePC/main.png
2,GoClient,Protobuf client,1051510,懶散兔與啾先生的OS人生,https://sdl-stickershop.line.naver.jp/products/0/0/1//1051510/LINEStorePC/main.png
2,GoClient,Protobuf client,1005149,1-A Original,https://sdl-stickershop.line.naver.jp/products/0/0/1//1005149/LINEStorePC/main.png
2,GoClient,Protobuf client,1063445,日本种小犬,https://sdl-stickershop.line.naver.jp/products/0/0/1//1063445/LINEStorePC/main.png
2,GoClient,Protobuf client,1049215,豆卡頻道,https://sdl-stickershop.line.naver.jp/products/0/0/1//1049215/LINEStorePC/main.png
2,GoClient,Protobuf client,1004723,Tama Tarou,https://sdl-stickershop.line.naver.jp/products/0/0/1//1004723/LINEStorePC/main.png
2,GoClient,Protobuf client,1004090,Butata in Summer,https://sdl-stickershop.line.naver.jp/products/0/0/1//1004090/LINEStorePC/main.png
2,GoClient,Protobuf client,1000509,Pisuke&Rabbit. by Kanahei,https://sdl-stickershop.line.naver.jp/products/0/0/1//1000509/LINEStorePC/main.png
2,GoClient,Protobuf client,1033677,台客阿公,https://sdl-stickershop.line.naver.jp/products/0/0/1//1033677/LINEStorePC/main.png
2,GoClient,Protobuf client,1005609,大狗小貓隨手畫,https://sdl-stickershop.line.naver.jp/products/0/0/1//1005609/LINEStorePC/main.png
2,GoClient,Protobuf client,1003945,蜜袋鼯,https://sdl-stickershop.line.naver.jp/products/0/0/1//1003945/LINEStorePC/main.png
2,GoClient,Protobuf client,1001058,Moai-kun,https://sdl-stickershop.line.naver.jp/products/0/0/1//1001058/LINEStorePC/main.png
2,GoClient,Protobuf client,1049101,米米(日常生活篇),https://sdl-stickershop.line.naver.jp/products/0/0/1//1049101/LINEStorePC/main.png
2,GoClient,Protobuf client,1004533,Love DACHS,https://sdl-stickershop.line.naver.jp/products/0/0/1//1004533/LINEStorePC/main.png
2,GoClient,Protobuf client,1037171,好人信的生活日常(第二發!),https://sdl-stickershop.line.naver.jp/products/0/0/1//1037171/LINEStorePC/main.png
2,GoClient,Protobuf client,1062260,親愛的老爸老媽,https://sdl-stickershop.line.naver.jp/products/0/0/1//1062260/LINEStorePC/main.png
2,GoClient,Protobuf client,1062197,白熊小圈圈,https://sdl-stickershop.line.naver.jp/products/0/0/1//1062197/LINEStorePC/main.png
2,GoClient,Protobuf client,1011388,我是蝦米!,https://sdl-stickershop.line.naver.jp/products/0/0/1//1011388/LINEStorePC/main.png
2,GoClient,Protobuf client,1116690,Mr.BANANA 香蕉先生(白爛中文版),https://sdl-stickershop.line.naver.jp/products/0/0/1//1116690/LINEStorePC/main.png
2,GoClient,Protobuf client,1004639,YurumaruChihuahuanPotemaru,https://sdl-stickershop.line.naver.jp/products/0/0/1//1004639/LINEStorePC/main.png
2,GoClient,Protobuf client,1003988,恩愛貼圖,https://sdl-stickershop.line.naver.jp/products/0/0/1//1003988/LINEStorePC/main.png
2,GoClient,Protobuf client,1034862,貼圖標題 超級活潑的 Office Lady葉山。,https://sdl-stickershop.line.naver.jp/products/0/0/1//1034862/LINEStorePC/main.png
2,GoClient,Protobuf client,1017940,亞洲統神,https://sdl-stickershop.line.naver.jp/products/0/0/1//1017940/LINEStorePC/main.png
2,GoClient,Protobuf client,1093611,Love mode,https://sdl-stickershop.line.naver.jp/products/0/0/1//1093611/LINEStorePC/main.png
2,GoClient,Protobuf client,1060934,來自宮廷的瞎兜 Shadowww！,https://sdl-stickershop.line.naver.jp/products/0/0/1//1060934/LINEStorePC/main.png
2,GoClient,Protobuf client,1040059,I am 深W姐,https://sdl-stickershop.line.naver.jp/products/0/0/1//1040059/LINEStorePC/main.png
2,GoClient,Protobuf client,1050032,隔壁老王 2,https://sdl-stickershop.line.naver.jp/products/0/0/1//1050032/LINEStorePC/main.png
2,GoClient,Protobuf client,1008793,波樂熊(基本款),https://sdl-stickershop.line.naver.jp/products/0/0/1//1008793/LINEStorePC/main.png
2,GoClient,Protobuf client,1080083,檸檬達(第二季)：文字篇,https://sdl-stickershop.line.naver.jp/products/0/0/1//1080083/LINEStorePC/main.png
2,GoClient,Protobuf client,1063524,純棉三羊,https://sdl-stickershop.line.naver.jp/products/0/0/1//1063524/LINEStorePC/main.png
2,GoClient,Protobuf client,1005288,朋友貼圖,https://sdl-stickershop.line.naver.jp/products/0/0/1//1005288/LINEStorePC/main.png
2,GoClient,Protobuf client,1040299,Bac Bac's Diary,https://sdl-stickershop.line.naver.jp/products/0/0/1//1040299/LINEStorePC/main.png
2,GoClient,Protobuf client,1112263,貓爪抓 -一把抓-,https://sdl-stickershop.line.naver.jp/products/0/0/1//1112263/LINEStorePC/main.png
2,GoClient,Protobuf client,1001630,拉比豆的異想世界,https://sdl-stickershop.line.naver.jp/products/0/0/1//1001630/LINEStorePC/main.png
2,GoClient,Protobuf client,1033821,Life of chicken and chicks,https://sdl-stickershop.line.naver.jp/products/0/0/1//1033821/LINEStorePC/main.png
2,GoClient,Protobuf client,1043153,貓貓蟲-咖波,https://sdl-stickershop.line.naver.jp/products/0/0/1//1043153/LINEStorePC/main.png
2,GoClient,Protobuf client,1014175,弟兄條款（buroku）第1部分,https://sdl-stickershop.line.naver.jp/products/0/0/1//1014175/LINEStorePC/main.png
2,GoClient,Protobuf client,1012965,Tumurin,https://sdl-stickershop.line.naver.jp/products/0/0/1//1012965/LINEStorePC/main.png
2,GoClient,Protobuf client,1060256,台客阿嬤04,https://sdl-stickershop.line.naver.jp/products/0/0/1//1060256/LINEStorePC/main.png
2,GoClient,Protobuf client,1118888,無奈熊愛耍賴,https://sdl-stickershop.line.naver.jp/products/0/0/1//1118888/LINEStorePC/main.png
2,GoClient,Protobuf client,1008597,花生男,https://sdl-stickershop.line.naver.jp/products/0/0/1//1008597/LINEStorePC/main.png
2,GoClient,Protobuf client,1055707,九達文具 蝦米郎,https://sdl-stickershop.line.naver.jp/products/0/0/1//1055707/LINEStorePC/main.png
2,GoClient,Protobuf client,1008666,茶包妹,https://sdl-stickershop.line.naver.jp/products/0/0/1//1008666/LINEStorePC/main.png
2,GoClient,Protobuf client,1018788,多注意我一些呀！,https://sdl-stickershop.line.naver.jp/products/0/0/1//1018788/LINEStorePC/main.png
2,GoClient,Protobuf client,1112376,難搞小姐(雌性專用),https://sdl-stickershop.line.naver.jp/products/0/0/1//1112376/LINEStorePC/main.png
2,GoClient,Protobuf client,1034000,Mr.狸貓先生(日常用語篇),https://sdl-stickershop.line.naver.jp/products/0/0/1//1034000/LINEStorePC/main.png
2,GoClient,Protobuf client,1043004,喵喵小白喵,https://sdl-stickershop.line.naver.jp/products/0/0/1//1043004/LINEStorePC/main.png
2,GoClient,Protobuf client,1080211,波波猴與波波包 (日常篇),https://sdl-stickershop.line.naver.jp/products/0/0/1//1080211/LINEStorePC/main.png
2,GoClient,Protobuf client,1010911,產後媽咪,https://sdl-stickershop.line.naver.jp/products/0/0/1//1010911/LINEStorePC/main.png
2,GoClient,Protobuf client,1122915,OK 兔,https://sdl-stickershop.line.naver.jp/products/0/0/1//1122915/LINEStorePC/main.png
2,GoClient,Protobuf client,1004974,豬豬,https://sdl-stickershop.line.naver.jp/products/0/0/1//1004974/LINEStorePC/main.png
2,GoClient,Protobuf client,1035391,胖人妻的日常用語1,https://sdl-stickershop.line.naver.jp/products/0/0/1//1035391/LINEStorePC/main.png
2,GoClient,Protobuf client,1056252,泡芙姊姊~笑笑,https://sdl-stickershop.line.naver.jp/products/0/0/1//1056252/LINEStorePC/main.png
2,GoClient,Protobuf client,1034810,Hachi在等你喔（繁體中文版）,https://sdl-stickershop.line.naver.jp/products/0/0/1//1034810/LINEStorePC/main.png
2,GoClient,Protobuf client,1126905,柴犬大集合！,https://sdl-stickershop.line.naver.jp/products/0/0/1//1126905/LINEStorePC/main.png
2,GoClient,Protobuf client,1068859,熊，有事嗎？(中文版),https://sdl-stickershop.line.naver.jp/products/0/0/1//1068859/LINEStorePC/main.png
2,GoClient,Protobuf client,1051384,K仔 三部曲,https://sdl-stickershop.line.naver.jp/products/0/0/1//1051384/LINEStorePC/main.png
2,GoClient,Protobuf client,1120219,兔包這一家!,https://sdl-stickershop.line.naver.jp/products/0/0/1//1120219/LINEStorePC/main.png
2,GoClient,Protobuf client,1084488,弟兄條款（buroku）第2部分,https://sdl-stickershop.line.naver.jp/products/0/0/1//1084488/LINEStorePC/main.png
2,GoClient,Protobuf client,1033694,熊勝利(台語篇 Part2),https://sdl-stickershop.line.naver.jp/products/0/0/1//1033694/LINEStorePC/main.png
2,GoClient,Protobuf client,1005995,椪椪柯基犬,https://sdl-stickershop.line.naver.jp/products/0/0/1//1005995/LINEStorePC/main.png
2,GoClient,Protobuf client,1005498,iinu  - Toy Poodle,https://sdl-stickershop.line.naver.jp/products/0/0/1//1005498/LINEStorePC/main.png
